<?xml version="1.0" encoding="UTF-8"?>
<metadata xml:lang="zh"><Esri><CreaDate>20220103</CreaDate><CreaTime>15125300</CreaTime><ArcGISFormat>1.0</ArcGISFormat><SyncOnce>FALSE</SyncOnce><DataProperties><itemProps><itemName Sync="TRUE">World_CPIS_Clip_Dissolve</itemName><imsContentType Sync="TRUE">002</imsContentType><itemSize Sync="TRUE">0.000</itemSize><itemLocation><linkage Sync="TRUE">file://\\DESKTOP-SDMSRO9\F$\ceshi\datasets\result_new\Sentinel\World_CPIS_Clip_Dissolve.shp</linkage><protocol Sync="TRUE">Local Area Network</protocol></itemLocation></itemProps><coordRef><type Sync="TRUE">Geographic</type><geogcsn Sync="TRUE">GCS_WGS_1984</geogcsn><csUnits Sync="TRUE">Angular Unit: Degree (0.017453)</csUnits><peXml Sync="TRUE">&lt;GeographicCoordinateSystem xsi:type='typens:GeographicCoordinateSystem' xmlns:xsi='http://www.w3.org/2001/XMLSchema-instance' xmlns:xs='http://www.w3.org/2001/XMLSchema' xmlns:typens='http://www.esri.com/schemas/ArcGIS/10.7'&gt;&lt;WKT&gt;GEOGCS[&amp;quot;GCS_WGS_1984&amp;quot;,DATUM[&amp;quot;D_WGS_1984&amp;quot;,SPHEROID[&amp;quot;WGS_1984&amp;quot;,6378137.0,298.257223563]],PRIMEM[&amp;quot;Greenwich&amp;quot;,0.0],UNIT[&amp;quot;Degree&amp;quot;,0.0174532925199433],AUTHORITY[&amp;quot;EPSG&amp;quot;,4326]]&lt;/WKT&gt;&lt;XOrigin&gt;-400&lt;/XOrigin&gt;&lt;YOrigin&gt;-400&lt;/YOrigin&gt;&lt;XYScale&gt;11258999068426.238&lt;/XYScale&gt;&lt;ZOrigin&gt;-100000&lt;/ZOrigin&gt;&lt;ZScale&gt;10000&lt;/ZScale&gt;&lt;MOrigin&gt;-100000&lt;/MOrigin&gt;&lt;MScale&gt;10000&lt;/MScale&gt;&lt;XYTolerance&gt;8.983152841195215e-09&lt;/XYTolerance&gt;&lt;ZTolerance&gt;0.001&lt;/ZTolerance&gt;&lt;MTolerance&gt;0.001&lt;/MTolerance&gt;&lt;HighPrecision&gt;true&lt;/HighPrecision&gt;&lt;LeftLongitude&gt;-180&lt;/LeftLongitude&gt;&lt;WKID&gt;4326&lt;/WKID&gt;&lt;LatestWKID&gt;4326&lt;/LatestWKID&gt;&lt;/GeographicCoordinateSystem&gt;</peXml></coordRef><lineage><Process ToolSource="e:\downloads\arcgis10.7\desktop10.7\ArcToolbox\Toolboxes\Data Management Tools.tbx\Merge" Date="20211229" Time="181645">Merge 'F:\ceshi\CPIS\AS\delected\UTM 35_N\S2A_MSIL2A_20200716T085601_N0214_R007_T35TMF_20200716T120405\S2A_MSIL2A_20200716T085601_N0214_R007_T35TMF_20200716T120405.shp';'F:\ceshi\CPIS\AS\delected\UTM 35_N\S2A_MSIL2A_20210422T085551_N0300_R007_T35SNC_20210422T122938\S2A_MSIL2A_20210422T085551_N0300_R007_T35SNC_20210422T122938.shp';'F:\ceshi\CPIS\AS\delected\UTM 35_N\S2A_MSIL2A_20210803T090601_N0301_R050_T35TMG_20210803T121040\S2A_MSIL2A_20210803T090601_N0301_R050_T35TMG_20210803T121040.shp';'F:\ceshi\CPIS\AS\delected\UTM 35_N\S2A_MSIL2A_20210803T090601_N0301_R050_T35TMH_20210803T121040\S2A_MSIL2A_20210803T090601_N0301_R050_T35TMH_20210803T121040.shp';'F:\ceshi\CPIS\AS\delected\UTM 35_N\S2A_MSIL2A_20210810T085601_N0301_R007_T35SNC_20210810T120517\S2A_MSIL2A_20210810T085601_N0301_R007_T35SNC_20210810T120517.shp';'F:\ceshi\CPIS\AS\delected\UTM 35_N\S2A_MSIL2A_20210810T085601_N0301_R007_T35TME_20210810T120517\S2A_MSIL2A_20210810T085601_N0301_R007_T35TME_20210810T120517.shp';'F:\ceshi\CPIS\AS\delected\UTM 35_N\S2B_MSIL2A_20200608T084559_N0214_R107_T35SQB_20200608T115953\S2B_MSIL2A_20200608T084559_N0214_R107_T35SQB_20200608T115953.shp';'F:\ceshi\CPIS\AS\delected\UTM 35_N\S2B_MSIL2A_20210430T090549_N0300_R050_T35TMG_20210430T121423\S2B_MSIL2A_20210430T090549_N0300_R050_T35TMG_20210430T121423.shp';'F:\ceshi\CPIS\AS\delected\UTM 35_N\S2B_MSIL2A_20210805T085559_N0301_R007_T35TMF_20210805T113028\S2B_MSIL2A_20210805T085559_N0301_R007_T35TMF_20210805T113028.shp';'F:\ceshi\CPIS\AS\delected\UTM 35_N\S2B_MSIL2A_20210812T084559_N0301_R107_T35SPA_20210812T105857\S2B_MSIL2A_20210812T084559_N0301_R107_T35SPA_20210812T105857.shp' "F:\ceshi\CPIS\AS\dissolve\UTM 35_N\UTM 35_N.shp" "Area "Area" true true false 32 Double 16 31 ,First,#,F:\ceshi\CPIS\AS\delected\UTM 35_N\S2A_MSIL2A_20200716T085601_N0214_R007_T35TMF_20200716T120405\S2A_MSIL2A_20200716T085601_N0214_R007_T35TMF_20200716T120405.shp,Area,-1,-1,F:\ceshi\CPIS\AS\delected\UTM 35_N\S2A_MSIL2A_20210422T085551_N0300_R007_T35SNC_20210422T122938\S2A_MSIL2A_20210422T085551_N0300_R007_T35SNC_20210422T122938.shp,Area,-1,-1,F:\ceshi\CPIS\AS\delected\UTM 35_N\S2A_MSIL2A_20210803T090601_N0301_R050_T35TMG_20210803T121040\S2A_MSIL2A_20210803T090601_N0301_R050_T35TMG_20210803T121040.shp,Area,-1,-1,F:\ceshi\CPIS\AS\delected\UTM 35_N\S2A_MSIL2A_20210803T090601_N0301_R050_T35TMH_20210803T121040\S2A_MSIL2A_20210803T090601_N0301_R050_T35TMH_20210803T121040.shp,Area,-1,-1,F:\ceshi\CPIS\AS\delected\UTM 35_N\S2A_MSIL2A_20210810T085601_N0301_R007_T35SNC_20210810T120517\S2A_MSIL2A_20210810T085601_N0301_R007_T35SNC_20210810T120517.shp,Area,-1,-1,F:\ceshi\CPIS\AS\delected\UTM 35_N\S2A_MSIL2A_20210810T085601_N0301_R007_T35TME_20210810T120517\S2A_MSIL2A_20210810T085601_N0301_R007_T35TME_20210810T120517.shp,Area,-1,-1,F:\ceshi\CPIS\AS\delected\UTM 35_N\S2B_MSIL2A_20200608T084559_N0214_R107_T35SQB_20200608T115953\S2B_MSIL2A_20200608T084559_N0214_R107_T35SQB_20200608T115953.shp,Area,-1,-1,F:\ceshi\CPIS\AS\delected\UTM 35_N\S2B_MSIL2A_20210430T090549_N0300_R050_T35TMG_20210430T121423\S2B_MSIL2A_20210430T090549_N0300_R050_T35TMG_20210430T121423.shp,Area,-1,-1,F:\ceshi\CPIS\AS\delected\UTM 35_N\S2B_MSIL2A_20210805T085559_N0301_R007_T35TMF_20210805T113028\S2B_MSIL2A_20210805T085559_N0301_R007_T35TMF_20210805T113028.shp,Area,-1,-1,F:\ceshi\CPIS\AS\delected\UTM 35_N\S2B_MSIL2A_20210812T084559_N0301_R107_T35SPA_20210812T105857\S2B_MSIL2A_20210812T084559_N0301_R107_T35SPA_20210812T105857.shp,Area,-1,-1;Length "Length" true true false 32 Double 16 31 ,First,#,F:\ceshi\CPIS\AS\delected\UTM 35_N\S2A_MSIL2A_20200716T085601_N0214_R007_T35TMF_20200716T120405\S2A_MSIL2A_20200716T085601_N0214_R007_T35TMF_20200716T120405.shp,Length,-1,-1,F:\ceshi\CPIS\AS\delected\UTM 35_N\S2A_MSIL2A_20210422T085551_N0300_R007_T35SNC_20210422T122938\S2A_MSIL2A_20210422T085551_N0300_R007_T35SNC_20210422T122938.shp,Length,-1,-1,F:\ceshi\CPIS\AS\delected\UTM 35_N\S2A_MSIL2A_20210803T090601_N0301_R050_T35TMG_20210803T121040\S2A_MSIL2A_20210803T090601_N0301_R050_T35TMG_20210803T121040.shp,Length,-1,-1,F:\ceshi\CPIS\AS\delected\UTM 35_N\S2A_MSIL2A_20210803T090601_N0301_R050_T35TMH_20210803T121040\S2A_MSIL2A_20210803T090601_N0301_R050_T35TMH_20210803T121040.shp,Length,-1,-1,F:\ceshi\CPIS\AS\delected\UTM 35_N\S2A_MSIL2A_20210810T085601_N0301_R007_T35SNC_20210810T120517\S2A_MSIL2A_20210810T085601_N0301_R007_T35SNC_20210810T120517.shp,Length,-1,-1,F:\ceshi\CPIS\AS\delected\UTM 35_N\S2A_MSIL2A_20210810T085601_N0301_R007_T35TME_20210810T120517\S2A_MSIL2A_20210810T085601_N0301_R007_T35TME_20210810T120517.shp,Length,-1,-1,F:\ceshi\CPIS\AS\delected\UTM 35_N\S2B_MSIL2A_20200608T084559_N0214_R107_T35SQB_20200608T115953\S2B_MSIL2A_20200608T084559_N0214_R107_T35SQB_20200608T115953.shp,Length,-1,-1,F:\ceshi\CPIS\AS\delected\UTM 35_N\S2B_MSIL2A_20210430T090549_N0300_R050_T35TMG_20210430T121423\S2B_MSIL2A_20210430T090549_N0300_R050_T35TMG_20210430T121423.shp,Length,-1,-1,F:\ceshi\CPIS\AS\delected\UTM 35_N\S2B_MSIL2A_20210805T085559_N0301_R007_T35TMF_20210805T113028\S2B_MSIL2A_20210805T085559_N0301_R007_T35TMF_20210805T113028.shp,Length,-1,-1,F:\ceshi\CPIS\AS\delected\UTM 35_N\S2B_MSIL2A_20210812T084559_N0301_R107_T35SPA_20210812T105857\S2B_MSIL2A_20210812T084559_N0301_R107_T35SPA_20210812T105857.shp,Length,-1,-1;Rate "Rate" true true false 32 Double 16 31 ,First,#,F:\ceshi\CPIS\AS\delected\UTM 35_N\S2A_MSIL2A_20200716T085601_N0214_R007_T35TMF_20200716T120405\S2A_MSIL2A_20200716T085601_N0214_R007_T35TMF_20200716T120405.shp,Rate,-1,-1,F:\ceshi\CPIS\AS\delected\UTM 35_N\S2A_MSIL2A_20210422T085551_N0300_R007_T35SNC_20210422T122938\S2A_MSIL2A_20210422T085551_N0300_R007_T35SNC_20210422T122938.shp,Rate,-1,-1,F:\ceshi\CPIS\AS\delected\UTM 35_N\S2A_MSIL2A_20210803T090601_N0301_R050_T35TMG_20210803T121040\S2A_MSIL2A_20210803T090601_N0301_R050_T35TMG_20210803T121040.shp,Rate,-1,-1,F:\ceshi\CPIS\AS\delected\UTM 35_N\S2A_MSIL2A_20210803T090601_N0301_R050_T35TMH_20210803T121040\S2A_MSIL2A_20210803T090601_N0301_R050_T35TMH_20210803T121040.shp,Rate,-1,-1,F:\ceshi\CPIS\AS\delected\UTM 35_N\S2A_MSIL2A_20210810T085601_N0301_R007_T35SNC_20210810T120517\S2A_MSIL2A_20210810T085601_N0301_R007_T35SNC_20210810T120517.shp,Rate,-1,-1,F:\ceshi\CPIS\AS\delected\UTM 35_N\S2A_MSIL2A_20210810T085601_N0301_R007_T35TME_20210810T120517\S2A_MSIL2A_20210810T085601_N0301_R007_T35TME_20210810T120517.shp,Rate,-1,-1,F:\ceshi\CPIS\AS\delected\UTM 35_N\S2B_MSIL2A_20200608T084559_N0214_R107_T35SQB_20200608T115953\S2B_MSIL2A_20200608T084559_N0214_R107_T35SQB_20200608T115953.shp,Rate,-1,-1,F:\ceshi\CPIS\AS\delected\UTM 35_N\S2B_MSIL2A_20210430T090549_N0300_R050_T35TMG_20210430T121423\S2B_MSIL2A_20210430T090549_N0300_R050_T35TMG_20210430T121423.shp,Rate,-1,-1,F:\ceshi\CPIS\AS\delected\UTM 35_N\S2B_MSIL2A_20210805T085559_N0301_R007_T35TMF_20210805T113028\S2B_MSIL2A_20210805T085559_N0301_R007_T35TMF_20210805T113028.shp,Rate,-1,-1,F:\ceshi\CPIS\AS\delected\UTM 35_N\S2B_MSIL2A_20210812T084559_N0301_R107_T35SPA_20210812T105857\S2B_MSIL2A_20210812T084559_N0301_R107_T35SPA_20210812T105857.shp,Rate,-1,-1"</Process><Process ToolSource="e:\downloads\arcgis10.7\desktop10.7\ArcToolbox\Toolboxes\Data Management Tools.tbx\Dissolve" Date="20211229" Time="181646">Dissolve "F:\ceshi\CPIS\AS\dissolve\UTM 35_N\UTM 35_N.shp" "F:\ceshi\CPIS\AS\dissolve\UTM 35_N\UTM 35_N_dissolve.shp" # # SINGLE_PART DISSOLVE_LINES</Process><Process ToolSource="e:\downloads\arcgis10.7\desktop10.7\ArcToolbox\Toolboxes\Data Management Tools.tbx\Project" Date="20220103" Time="151253">Project "F:\ceshi\CPIS\AS\dissolve\UTM 35_N\UTM 35_N_dissolve.shp" "F:\ceshi\CPIS\AS\Project\AS\UTM 35_N_Project.shp" GEOGCS['GCS_WGS_1984',DATUM['D_WGS_1984',SPHEROID['WGS_1984',6378137.0,298.257223563]],PRIMEM['Greenwich',0.0],UNIT['Degree',0.0174532925199433]] # PROJCS['WGS_1984_UTM_Zone_35N',GEOGCS['GCS_WGS_1984',DATUM['D_WGS_1984',SPHEROID['WGS_1984',6378137.0,298.257223563]],PRIMEM['Greenwich',0.0],UNIT['Degree',0.0174532925199433]],PROJECTION['Transverse_Mercator'],PARAMETER['False_Easting',500000.0],PARAMETER['False_Northing',0.0],PARAMETER['Central_Meridian',27.0],PARAMETER['Scale_Factor',0.9996],PARAMETER['Latitude_Of_Origin',0.0],UNIT['Meter',1.0]] NO_PRESERVE_SHAPE # NO_VERTICAL</Process><Process ToolSource="e:\downloads\arcgis10.7\desktop10.7\ArcToolbox\Toolboxes\Data Management Tools.tbx\Merge" Date="20220103" Time="151335">Merge 'F:\ceshi\CPIS\AS\Project\AS\UTM 35_N_Project.shp';'F:\ceshi\CPIS\AS\Project\AS\UTM 36_N_Project.shp';'F:\ceshi\CPIS\AS\Project\AS\UTM 37_N_Project.shp';'F:\ceshi\CPIS\AS\Project\AS\UTM 38_N_Project.shp';'F:\ceshi\CPIS\AS\Project\AS\UTM 39_N_Project.shp';'F:\ceshi\CPIS\AS\Project\AS\UTM 40_N_Project.shp';'F:\ceshi\CPIS\AS\Project\AS\UTM 41_N_Project.shp';'F:\ceshi\CPIS\AS\Project\AS\UTM 42_N_Project.shp';'F:\ceshi\CPIS\AS\Project\AS\UTM 43_N_Project.shp';'F:\ceshi\CPIS\AS\Project\AS\UTM 44_N_Project.shp';'F:\ceshi\CPIS\AS\Project\AS\UTM 45_N_Project.shp';'F:\ceshi\CPIS\AS\Project\AS\UTM 46_N_Project.shp';'F:\ceshi\CPIS\AS\Project\AS\UTM 47_N_Project.shp';'F:\ceshi\CPIS\AS\Project\AS\UTM 48_N_Project.shp';'F:\ceshi\CPIS\AS\Project\AS\UTM 49_N_Project.shp';'F:\ceshi\CPIS\AS\Project\AS\UTM 50_N_Project.shp';'F:\ceshi\CPIS\AS\Project\AS\UTM 51_N_Project.shp' F:\ceshi\CPIS\AS\Project\AS\AS.shp "Id "Id" true true false 6 Long 0 6 ,First,#,F:\ceshi\CPIS\AS\Project\AS\UTM 35_N_Project.shp,Id,-1,-1,F:\ceshi\CPIS\AS\Project\AS\UTM 36_N_Project.shp,Id,-1,-1,F:\ceshi\CPIS\AS\Project\AS\UTM 37_N_Project.shp,Id,-1,-1,F:\ceshi\CPIS\AS\Project\AS\UTM 38_N_Project.shp,Id,-1,-1,F:\ceshi\CPIS\AS\Project\AS\UTM 39_N_Project.shp,Id,-1,-1,F:\ceshi\CPIS\AS\Project\AS\UTM 40_N_Project.shp,Id,-1,-1,F:\ceshi\CPIS\AS\Project\AS\UTM 41_N_Project.shp,Id,-1,-1,F:\ceshi\CPIS\AS\Project\AS\UTM 42_N_Project.shp,Id,-1,-1,F:\ceshi\CPIS\AS\Project\AS\UTM 43_N_Project.shp,Id,-1,-1,F:\ceshi\CPIS\AS\Project\AS\UTM 44_N_Project.shp,Id,-1,-1,F:\ceshi\CPIS\AS\Project\AS\UTM 45_N_Project.shp,Id,-1,-1,F:\ceshi\CPIS\AS\Project\AS\UTM 46_N_Project.shp,Id,-1,-1,F:\ceshi\CPIS\AS\Project\AS\UTM 47_N_Project.shp,Id,-1,-1,F:\ceshi\CPIS\AS\Project\AS\UTM 48_N_Project.shp,Id,-1,-1,F:\ceshi\CPIS\AS\Project\AS\UTM 49_N_Project.shp,Id,-1,-1,F:\ceshi\CPIS\AS\Project\AS\UTM 50_N_Project.shp,Id,-1,-1,F:\ceshi\CPIS\AS\Project\AS\UTM 51_N_Project.shp,Id,-1,-1"</Process><Process ToolSource="e:\downloads\arcgis10.7\desktop10.7\ArcToolbox\Toolboxes\Data Management Tools.tbx\Dissolve" Date="20220103" Time="151421">Dissolve F:\ceshi\CPIS\AS\Project\AS\AS.shp F:\ceshi\CPIS\AS\Project\AS\AS_dissolve.shp # # SINGLE_PART DISSOLVE_LINES</Process><Process ToolSource="e:\downloads\arcgis10.7\desktop10.7\ArcToolbox\Toolboxes\Data Management Tools.tbx\Merge" Date="20220104" Time="193539">Merge AS_dissolve;AF_dissolve;EU_dissolve;NA_dissolve;OC_dissolve;SA_dissolve F:\ceshi\datasets\World_CPIS.shp "Id "Id" true true false 6 Long 0 6 ,First,#,AS_dissolve,Id,-1,-1,AF_dissolve,Id,-1,-1,EU_dissolve,Id,-1,-1,NA_dissolve,Id,-1,-1,OC_dissolve,Id,-1,-1,SA_dissolve,Id,-1,-1"</Process><Process ToolSource="e:\downloads\arcgis10.7\desktop10.7\ArcToolbox\Toolboxes\Analysis Tools.tbx\Clip" Date="20220110" Time="160927">Clip World_CPIS All_Arid F:\ceshi\datasets\Data\World_CPIS_Clip.shp #</Process><Process ToolSource="e:\downloads\arcgis10.7\desktop10.7\ArcToolbox\Toolboxes\Data Management Tools.tbx\Merge" Date="20220217" Time="222350">Merge World_CPIS_Clip;L:\recheck\S2A_MSIL2A_20200309T071201_N0214_R020_T38KMC_20200309T104600.shp;L:\recheck\S2A_MSIL2A_20200528T071211_N0214_R020_T38KMC_20200528T103546.shp;L:\recheck\S2A_MSIL2A_20200809T153631_N0214_R068_T17MNT_20200809T205351.shp;L:\recheck\S2A_MSIL2A_20200826T032541_N0214_R018_T49TFN_20200826T073212.shp;L:\recheck\S2A_MSIL2A_20200904T071621_N0214_R006_T38PMA_20200904T102106.shp;L:\recheck\S2A_MSIL2A_20201209T092401_N0214_R093_T34SDA_20201209T122428.shp;L:\recheck\S2A_MSIL2A_20210214T142731_N0214_R053_T19JGH_20210214T184119.shp;L:\recheck\S2A_MSIL2A_20210306T142731_N0214_R053_T19JGH_20210306T184250.shp;L:\recheck\S2A_MSIL2A_20210530T100031_N0300_R122_T32TQN_20210601T070424.shp;L:\recheck\S2A_MSIL2A_20210603T094031_N0300_R036_T34TDS_20210603T121955.shp;L:\recheck\S2A_MSIL2A_20210612T101031_N0300_R022_T32TPN_20210612T131842.shp;L:\recheck\S2A_MSIL2A_20210616T095031_N0300_R079_T33TYN_20210616T143314.shp;L:\recheck\S2A_MSIL2A_20210623T094031_N0300_R036_T34TCR_20210623T122841.shp;L:\recheck\S2A_MSIL2A_20210727T055641_N0301_R091_T43TDH_20210727T081027.shp;L:\recheck\S2A_MSIL2A_20210818T081611_N0301_R121_T36RYU_20210818T100032.shp;L:\recheck\S2A_MSIL2A_20210831T032541_N0301_R018_T49TFN_20210831T071138.shp;L:\recheck\S2A_MSIL2A_20210910T032541_N0301_R018_T49TFN_20210910T071244.shp;L:\recheck\S2A_MSIL2A_20211209T152641_N0301_R025_T18QZF_20211209T175604.shp;L:\recheck\S2A_MSIL2A_20220118T152641_N0301_R025_T19QBA_20220118T175439.shp;L:\recheck\S2A_MSIL2A_20220130T142731_N0400_R053_T19JGH_20220130T182828.shp;L:\recheck\S2A_MSIL2A_20220209T142731_N0400_R053_T19JGH_20220209T211235.shp;L:\recheck\S2B_MSIL2A_20200203T071159_N0213_R020_T38KMC_20200203T110120.shp;L:\recheck\S2B_MSIL2A_20200304T082739_N0214_R021_T36RTS_20200304T130544.shp;L:\recheck\S2B_MSIL2A_20200523T071209_N0214_R020_T38KMC_20200523T110525.shp;L:\recheck\S2B_MSIL2A_20200707T055639_N0214_R091_T43TDH_20200707T095819.shp;L:\recheck\S2B_MSIL2A_20200821T032539_N0214_R018_T49TFN_20200821T061413.shp;L:\recheck\S2B_MSIL2A_20200823T072619_N0214_R049_T38PLB_20200823T095753.shp;L:\recheck\S2B_MSIL2A_20201023T102029_N0214_R065_T30PXS_20201023T134738.shp;L:\recheck\S2B_MSIL2A_20210123T092159_N0214_R093_T34SDA_20210123T115608.shp;L:\recheck\S2B_MSIL2A_20210215T111049_N0214_R137_T29RMQ_20210215T131634.shp;L:\recheck\S2B_MSIL2A_20210215T111049_N0214_R137_T29RNQ_20210215T131634.shp;L:\recheck\S2B_MSIL2A_20210215T111049_N0214_R137_T29SNS_20210215T131634.shp;L:\recheck\S2B_MSIL2A_20210215T111049_N0214_R137_T29SPR_20210215T131634.shp;L:\recheck\S2B_MSIL2A_20210215T111049_N0214_R137_T29SPS_20210215T131634.shp;L:\recheck\S2B_MSIL2A_20210215T111049_N0214_R137_T29SQS_20210215T131634.shp;L:\recheck\S2B_MSIL2A_20210319T071209_N0214_R020_T38KMC_20210319T103040.shp;L:\recheck\S2B_MSIL2A_20210607T152639_N0300_R025_T18QZF_20210607T204009.shp;L:\recheck\S2B_MSIL2A_20210607T152639_N0300_R025_T19QBA_20210607T204009.shp;L:\recheck\S2B_MSIL2A_20210810T095029_N0301_R079_T33UYP_20210810T120704.shp;L:\recheck\S2B_MSIL2A_20210810T095029_N0301_R079_T34UCU_20210810T120704.shp;L:\recheck\S2B_MSIL2A_20210811T055639_N0301_R091_T43TDH_20210811T085305.shp;L:\recheck\S2B_MSIL2A_20211209T092259_N0301_R093_T34SDA_20211209T113514.shp;L:\recheck\S2B_MSIL2A_20220103T152639_N0301_R025_T18QZF_20220103T180446.shp;L:\recheck\S2B_MSIL2A_20220103T152639_N0301_R025_T19QBA_20220103T180446.shp "F:\ceshi\datasets\Sentinel\world - modifiedv1\World_CPIS_Merge.shp" "Id "Id" true true false 6 Long 0 6 ,First,#,World_CPIS_Clip,Id,-1,-1;Area "Area" true true false 80 Text 0 0 ,First,#,L:\recheck\S2A_MSIL2A_20200309T071201_N0214_R020_T38KMC_20200309T104600.shp,Area,-1,-1,L:\recheck\S2A_MSIL2A_20200528T071211_N0214_R020_T38KMC_20200528T103546.shp,Area,-1,-1,L:\recheck\S2A_MSIL2A_20200809T153631_N0214_R068_T17MNT_20200809T205351.shp,Area,-1,-1,L:\recheck\S2A_MSIL2A_20200826T032541_N0214_R018_T49TFN_20200826T073212.shp,Area,-1,-1,L:\recheck\S2A_MSIL2A_20200904T071621_N0214_R006_T38PMA_20200904T102106.shp,Area,-1,-1,L:\recheck\S2A_MSIL2A_20201209T092401_N0214_R093_T34SDA_20201209T122428.shp,Area,-1,-1,L:\recheck\S2A_MSIL2A_20210214T142731_N0214_R053_T19JGH_20210214T184119.shp,Area,-1,-1,L:\recheck\S2A_MSIL2A_20210306T142731_N0214_R053_T19JGH_20210306T184250.shp,Area,-1,-1,L:\recheck\S2A_MSIL2A_20210530T100031_N0300_R122_T32TQN_20210601T070424.shp,Area,-1,-1,L:\recheck\S2A_MSIL2A_20210603T094031_N0300_R036_T34TDS_20210603T121955.shp,Area,-1,-1,L:\recheck\S2A_MSIL2A_20210612T101031_N0300_R022_T32TPN_20210612T131842.shp,Area,-1,-1,L:\recheck\S2A_MSIL2A_20210616T095031_N0300_R079_T33TYN_20210616T143314.shp,Area,-1,-1,L:\recheck\S2A_MSIL2A_20210623T094031_N0300_R036_T34TCR_20210623T122841.shp,Area,-1,-1,L:\recheck\S2A_MSIL2A_20210727T055641_N0301_R091_T43TDH_20210727T081027.shp,Area,-1,-1,L:\recheck\S2A_MSIL2A_20210818T081611_N0301_R121_T36RYU_20210818T100032.shp,Area,-1,-1,L:\recheck\S2A_MSIL2A_20210831T032541_N0301_R018_T49TFN_20210831T071138.shp,Area,-1,-1,L:\recheck\S2A_MSIL2A_20210910T032541_N0301_R018_T49TFN_20210910T071244.shp,Area,-1,-1,L:\recheck\S2A_MSIL2A_20211209T152641_N0301_R025_T18QZF_20211209T175604.shp,Area,-1,-1,L:\recheck\S2A_MSIL2A_20220118T152641_N0301_R025_T19QBA_20220118T175439.shp,Area,-1,-1,L:\recheck\S2A_MSIL2A_20220130T142731_N0400_R053_T19JGH_20220130T182828.shp,Area,-1,-1,L:\recheck\S2A_MSIL2A_20220209T142731_N0400_R053_T19JGH_20220209T211235.shp,Area,-1,-1,L:\recheck\S2B_MSIL2A_20200203T071159_N0213_R020_T38KMC_20200203T110120.shp,Area,-1,-1,L:\recheck\S2B_MSIL2A_20200304T082739_N0214_R021_T36RTS_20200304T130544.shp,Area,-1,-1,L:\recheck\S2B_MSIL2A_20200523T071209_N0214_R020_T38KMC_20200523T110525.shp,Area,-1,-1,L:\recheck\S2B_MSIL2A_20200707T055639_N0214_R091_T43TDH_20200707T095819.shp,Area,-1,-1,L:\recheck\S2B_MSIL2A_20200821T032539_N0214_R018_T49TFN_20200821T061413.shp,Area,-1,-1,L:\recheck\S2B_MSIL2A_20200823T072619_N0214_R049_T38PLB_20200823T095753.shp,Area,-1,-1,L:\recheck\S2B_MSIL2A_20201023T102029_N0214_R065_T30PXS_20201023T134738.shp,Area,-1,-1,L:\recheck\S2B_MSIL2A_20210123T092159_N0214_R093_T34SDA_20210123T115608.shp,Area,-1,-1,L:\recheck\S2B_MSIL2A_20210215T111049_N0214_R137_T29RMQ_20210215T131634.shp,Area,-1,-1,L:\recheck\S2B_MSIL2A_20210215T111049_N0214_R137_T29RNQ_20210215T131634.shp,Area,-1,-1,L:\recheck\S2B_MSIL2A_20210215T111049_N0214_R137_T29SNS_20210215T131634.shp,Area,-1,-1,L:\recheck\S2B_MSIL2A_20210215T111049_N0214_R137_T29SPR_20210215T131634.shp,Area,-1,-1,L:\recheck\S2B_MSIL2A_20210215T111049_N0214_R137_T29SPS_20210215T131634.shp,Area,-1,-1,L:\recheck\S2B_MSIL2A_20210215T111049_N0214_R137_T29SQS_20210215T131634.shp,Area,-1,-1,L:\recheck\S2B_MSIL2A_20210319T071209_N0214_R020_T38KMC_20210319T103040.shp,Area,-1,-1,L:\recheck\S2B_MSIL2A_20210607T152639_N0300_R025_T18QZF_20210607T204009.shp,Area,-1,-1,L:\recheck\S2B_MSIL2A_20210607T152639_N0300_R025_T19QBA_20210607T204009.shp,Area,-1,-1,L:\recheck\S2B_MSIL2A_20210810T095029_N0301_R079_T33UYP_20210810T120704.shp,Area,-1,-1,L:\recheck\S2B_MSIL2A_20210810T095029_N0301_R079_T34UCU_20210810T120704.shp,Area,-1,-1,L:\recheck\S2B_MSIL2A_20210811T055639_N0301_R091_T43TDH_20210811T085305.shp,Area,-1,-1,L:\recheck\S2B_MSIL2A_20211209T092259_N0301_R093_T34SDA_20211209T113514.shp,Area,-1,-1,L:\recheck\S2B_MSIL2A_20220103T152639_N0301_R025_T18QZF_20220103T180446.shp,Area,-1,-1,L:\recheck\S2B_MSIL2A_20220103T152639_N0301_R025_T19QBA_20220103T180446.shp,Area,-1,-1"</Process><Process ToolSource="e:\downloads\arcgis10.7\desktop10.7\ArcToolbox\Toolboxes\Data Management Tools.tbx\Dissolve" Date="20220217" Time="223009">Dissolve World_CPIS_Merge "F:\ceshi\datasets\Sentinel\world - modifiedv1\World_CPIS.shp" # # SINGLE_PART DISSOLVE_LINES</Process><Process ToolSource="e:\downloads\arcgis10.7\desktop10.7\ArcToolbox\Toolboxes\Analysis Tools.tbx\Clip" Date="20220218" Time="150400">Clip World_CPIS All_Arid "F:\ceshi\datasets\Sentinel\world - modifiedv1\World_CPIS_Clip.shp" #</Process><Process ToolSource="e:\downloads\arcgis10.7\desktop10.7\ArcToolbox\Toolboxes\Analysis Tools.tbx\Near" Date="20220222" Time="171249">Near World_CPIS_Clip 'surface water' # NO_LOCATION NO_ANGLE GEODESIC</Process><Process ToolSource="e:\downloads\arcgis10.7\desktop10.7\ArcToolbox\Toolboxes\Data Management Tools.tbx\Merge" Date="20220512" Time="162924">Merge World_CPIS_Clip;S2B_MSIL2A_20210921T070619_N0301_R106_T39RWJ_20210921T095003union_segm_0.1;S2B_MSIL2A_20210606T171859_N0300_R012_T14TNN_20210606T211409union_segm_0.85;S2B_MSIL2A_20210616T171859_N0300_R012_T14TNN_20210616T214422union_segm_0.85 F:\ceshi\datasets\result_new\Sentinel\World_CPIS_Clip.shp "Id "Id" true true false 6 Long 0 6 ,First,#,World_CPIS_Clip,Id,-1,-1;NEAR_FID "NEAR_FID" true true false 10 Long 0 10 ,First,#,World_CPIS_Clip,NEAR_FID,-1,-1;NEAR_DIST "NEAR_DIST" true true false 19 Double 0 0 ,First,#,World_CPIS_Clip,NEAR_DIST,-1,-1;Area "Area" true true false 80 Text 0 0 ,First,#,S2B_MSIL2A_20210921T070619_N0301_R106_T39RWJ_20210921T095003union_segm_0.1,Area,-1,-1,S2B_MSIL2A_20210606T171859_N0300_R012_T14TNN_20210606T211409union_segm_0.85,Area,-1,-1,S2B_MSIL2A_20210616T171859_N0300_R012_T14TNN_20210616T214422union_segm_0.85,Area,-1,-1"</Process><Process ToolSource="e:\downloads\arcgis10.7\desktop10.7\ArcToolbox\Toolboxes\Data Management Tools.tbx\Dissolve" Date="20220512" Time="163456">Dissolve World_CPIS_Clip F:\ceshi\datasets\result_new\Sentinel\World_CPIS_Clip_Dissolve.shp # # SINGLE_PART DISSOLVE_LINES</Process><Process ToolSource="e:\downloads\arcgis10.7\desktop10.7\ArcToolbox\Toolboxes\Analysis Tools.tbx\Near" Date="20220512" Time="201259">Near World_CPIS_Clip_Dissolve 'surface water' # NO_LOCATION NO_ANGLE GEODESIC</Process></lineage></DataProperties><SyncDate>20220512</SyncDate><SyncTime>16300500</SyncTime><ModDate>20220512</ModDate><ModTime>16300500</ModTime></Esri><dataIdInfo><envirDesc Sync="TRUE"> Version 6.2 (Build 9200) ; Esri ArcGIS 10.7.0.10450</envirDesc><dataLang><languageCode value="zho" Sync="TRUE"></languageCode><countryCode value="CHN" Sync="TRUE"></countryCode></dataLang><idCitation><resTitle Sync="TRUE">World_CPIS_Clip_Dissolve</resTitle><presForm><PresFormCd value="005" Sync="TRUE"></PresFormCd></presForm></idCitation><spatRpType><SpatRepTypCd value="001" Sync="TRUE"></SpatRepTypCd></spatRpType></dataIdInfo><mdLang><languageCode value="zho" Sync="TRUE"></languageCode><countryCode value="CHN" Sync="TRUE"></countryCode></mdLang><mdChar><CharSetCd value="004" Sync="TRUE"></CharSetCd></mdChar><distInfo><distFormat><formatName Sync="TRUE">Shapefile</formatName></distFormat><distTranOps><transSize Sync="TRUE">0.000</transSize></distTranOps></distInfo><mdHrLv><ScopeCd value="005" Sync="TRUE"></ScopeCd></mdHrLv><mdHrLvName Sync="TRUE">dataset</mdHrLvName><refSysInfo><RefSystem><refSysID><identCode code="4326" Sync="TRUE"></identCode><idCodeSpace Sync="TRUE">EPSG</idCodeSpace><idVersion Sync="TRUE">6.14(3.0.1)</idVersion></refSysID></RefSystem></refSysInfo><spatRepInfo><VectSpatRep><geometObjs Name="World_CPIS_Clip_Dissolve"><geoObjTyp><GeoObjTypCd value="002" Sync="TRUE"></GeoObjTypCd></geoObjTyp><geoObjCnt Sync="TRUE">0</geoObjCnt></geometObjs><topLvl><TopoLevCd value="001" Sync="TRUE"></TopoLevCd></topLvl></VectSpatRep></spatRepInfo><spdoinfo><ptvctinf><esriterm Name="World_CPIS_Clip_Dissolve"><efeatyp Sync="TRUE">Simple</efeatyp><efeageom code="4" Sync="TRUE"></efeageom><esritopo Sync="TRUE">FALSE</esritopo><efeacnt Sync="TRUE">0</efeacnt><spindex Sync="TRUE">FALSE</spindex><linrefer Sync="TRUE">FALSE</linrefer></esriterm></ptvctinf></spdoinfo><eainfo><detailed Name="World_CPIS_Clip_Dissolve"><enttyp><enttypl Sync="TRUE">World_CPIS_Clip_Dissolve</enttypl><enttypt Sync="TRUE">Feature Class</enttypt><enttypc Sync="TRUE">0</enttypc></enttyp><attr><attrlabl Sync="TRUE">FID</attrlabl><attalias Sync="TRUE">FID</attalias><attrtype Sync="TRUE">OID</attrtype><attwidth Sync="TRUE">4</attwidth><atprecis Sync="TRUE">0</atprecis><attscale Sync="TRUE">0</attscale><attrdef Sync="TRUE">Internal feature number.</attrdef><attrdefs Sync="TRUE">Esri</attrdefs><attrdomv><udom Sync="TRUE">Sequential unique whole numbers that are automatically generated.</udom></attrdomv></attr><attr><attrlabl Sync="TRUE">Shape</attrlabl><attalias Sync="TRUE">Shape</attalias><attrtype Sync="TRUE">Geometry</attrtype><attwidth Sync="TRUE">0</attwidth><atprecis Sync="TRUE">0</atprecis><attscale Sync="TRUE">0</attscale><attrdef Sync="TRUE">Feature geometry.</attrdef><attrdefs Sync="TRUE">Esri</attrdefs><attrdomv><udom Sync="TRUE">Coordinates defining the features.</udom></attrdomv></attr><attr><attrlabl Sync="TRUE">Id</attrlabl><attalias Sync="TRUE">Id</attalias><attrtype Sync="TRUE">Integer</attrtype><attwidth Sync="TRUE">6</attwidth><atprecis Sync="TRUE">6</atprecis><attscale Sync="TRUE">0</attscale></attr></detailed></eainfo><mdDateSt Sync="TRUE">20220512</mdDateSt></metadata>
