<?xml version="1.0" encoding="UTF-8"?>
<metadata xml:lang="zh"><Esri><CreaDate>20220124</CreaDate><CreaTime>10331600</CreaTime><ArcGISFormat>1.0</ArcGISFormat><SyncOnce>FALSE</SyncOnce><DataProperties><itemProps><itemName Sync="TRUE">World_CPIS_Landsat_Clip</itemName><imsContentType Sync="TRUE">002</imsContentType><itemSize Sync="TRUE">0.000</itemSize><itemLocation><linkage Sync="TRUE">file://\\DESKTOP-SDMSRO9\F$\ceshi\datasets\CPIS_Data_Landsat\World_CPIS_Landsat_Clip.shp</linkage><protocol Sync="TRUE">Local Area Network</protocol></itemLocation></itemProps><coordRef><type Sync="TRUE">Geographic</type><geogcsn Sync="TRUE">GCS_WGS_1984</geogcsn><csUnits Sync="TRUE">Angular Unit: Degree (0.017453)</csUnits><peXml Sync="TRUE">&lt;GeographicCoordinateSystem xsi:type='typens:GeographicCoordinateSystem' xmlns:xsi='http://www.w3.org/2001/XMLSchema-instance' xmlns:xs='http://www.w3.org/2001/XMLSchema' xmlns:typens='http://www.esri.com/schemas/ArcGIS/10.7'&gt;&lt;WKT&gt;GEOGCS[&amp;quot;GCS_WGS_1984&amp;quot;,DATUM[&amp;quot;D_WGS_1984&amp;quot;,SPHEROID[&amp;quot;WGS_1984&amp;quot;,6378137.0,298.257223563]],PRIMEM[&amp;quot;Greenwich&amp;quot;,0.0],UNIT[&amp;quot;Degree&amp;quot;,0.0174532925199433],AUTHORITY[&amp;quot;EPSG&amp;quot;,4326]]&lt;/WKT&gt;&lt;XOrigin&gt;-400&lt;/XOrigin&gt;&lt;YOrigin&gt;-400&lt;/YOrigin&gt;&lt;XYScale&gt;11258999068426.238&lt;/XYScale&gt;&lt;ZOrigin&gt;-100000&lt;/ZOrigin&gt;&lt;ZScale&gt;10000&lt;/ZScale&gt;&lt;MOrigin&gt;-100000&lt;/MOrigin&gt;&lt;MScale&gt;10000&lt;/MScale&gt;&lt;XYTolerance&gt;8.983152841195215e-09&lt;/XYTolerance&gt;&lt;ZTolerance&gt;0.001&lt;/ZTolerance&gt;&lt;MTolerance&gt;0.001&lt;/MTolerance&gt;&lt;HighPrecision&gt;true&lt;/HighPrecision&gt;&lt;LeftLongitude&gt;-180&lt;/LeftLongitude&gt;&lt;WKID&gt;4326&lt;/WKID&gt;&lt;LatestWKID&gt;4326&lt;/LatestWKID&gt;&lt;/GeographicCoordinateSystem&gt;</peXml></coordRef><lineage><Process ToolSource="e:\downloads\arcgis10.7\desktop10.7\ArcToolbox\Toolboxes\Data Management Tools.tbx\Merge" Date="20220124" Time="101833">Merge 'J:\Landsat\AF\deleted\UTM 28_N\LE07_L1TP_203051_20000125_20170213_01_T1_PanSharpening\LE07_L1TP_203051_20000125_20170213_01_T1_PanSharpening.shp';'J:\Landsat\AF\deleted\UTM 28_N\LE07_L1TP_203052_20000109_20170215_01_T1_PanSharpening\LE07_L1TP_203052_20000109_20170215_01_T1_PanSharpening.shp';'J:\Landsat\AF\deleted\UTM 28_N\LE07_L1TP_204046_20000624_20170211_01_T1_PanSharpening\LE07_L1TP_204046_20000624_20170211_01_T1_PanSharpening.shp';'J:\Landsat\AF\deleted\UTM 28_N\LE07_L1TP_204049_20001201_20170208_01_T1_PanSharpening\LE07_L1TP_204049_20001201_20170208_01_T1_PanSharpening.shp';'J:\Landsat\AF\deleted\UTM 28_N\LE07_L1TP_205049_20001208_20170208_01_T1_PanSharpening\LE07_L1TP_205049_20001208_20170208_01_T1_PanSharpening.shp';'J:\Landsat\AF\deleted\UTM 28_N\LE07_L1TP_205050_20001208_20170208_01_T1_PanSharpening\LE07_L1TP_205050_20001208_20170208_01_T1_PanSharpening.shp';'J:\Landsat\AF\deleted\UTM 28_N\LE07_L1TP_205051_20000327_20170212_01_T1_PanSharpening\LE07_L1TP_205051_20000327_20170212_01_T1_PanSharpening.shp' "J:\Landsat\AF\dissolve_deleted\UTM 28_N\UTM 28_N.shp" "Area "Area" true true false 32 Double 16 31 ,First,#,J:\Landsat\AF\deleted\UTM 28_N\LE07_L1TP_203051_20000125_20170213_01_T1_PanSharpening\LE07_L1TP_203051_20000125_20170213_01_T1_PanSharpening.shp,Area,-1,-1,J:\Landsat\AF\deleted\UTM 28_N\LE07_L1TP_203052_20000109_20170215_01_T1_PanSharpening\LE07_L1TP_203052_20000109_20170215_01_T1_PanSharpening.shp,Area,-1,-1,J:\Landsat\AF\deleted\UTM 28_N\LE07_L1TP_204046_20000624_20170211_01_T1_PanSharpening\LE07_L1TP_204046_20000624_20170211_01_T1_PanSharpening.shp,Area,-1,-1,J:\Landsat\AF\deleted\UTM 28_N\LE07_L1TP_204049_20001201_20170208_01_T1_PanSharpening\LE07_L1TP_204049_20001201_20170208_01_T1_PanSharpening.shp,Area,-1,-1,J:\Landsat\AF\deleted\UTM 28_N\LE07_L1TP_205049_20001208_20170208_01_T1_PanSharpening\LE07_L1TP_205049_20001208_20170208_01_T1_PanSharpening.shp,Area,-1,-1,J:\Landsat\AF\deleted\UTM 28_N\LE07_L1TP_205050_20001208_20170208_01_T1_PanSharpening\LE07_L1TP_205050_20001208_20170208_01_T1_PanSharpening.shp,Area,-1,-1,J:\Landsat\AF\deleted\UTM 28_N\LE07_L1TP_205051_20000327_20170212_01_T1_PanSharpening\LE07_L1TP_205051_20000327_20170212_01_T1_PanSharpening.shp,Area,-1,-1;Length "Length" true true false 32 Double 16 31 ,First,#,J:\Landsat\AF\deleted\UTM 28_N\LE07_L1TP_203051_20000125_20170213_01_T1_PanSharpening\LE07_L1TP_203051_20000125_20170213_01_T1_PanSharpening.shp,Length,-1,-1,J:\Landsat\AF\deleted\UTM 28_N\LE07_L1TP_203052_20000109_20170215_01_T1_PanSharpening\LE07_L1TP_203052_20000109_20170215_01_T1_PanSharpening.shp,Length,-1,-1,J:\Landsat\AF\deleted\UTM 28_N\LE07_L1TP_204046_20000624_20170211_01_T1_PanSharpening\LE07_L1TP_204046_20000624_20170211_01_T1_PanSharpening.shp,Length,-1,-1,J:\Landsat\AF\deleted\UTM 28_N\LE07_L1TP_204049_20001201_20170208_01_T1_PanSharpening\LE07_L1TP_204049_20001201_20170208_01_T1_PanSharpening.shp,Length,-1,-1,J:\Landsat\AF\deleted\UTM 28_N\LE07_L1TP_205049_20001208_20170208_01_T1_PanSharpening\LE07_L1TP_205049_20001208_20170208_01_T1_PanSharpening.shp,Length,-1,-1,J:\Landsat\AF\deleted\UTM 28_N\LE07_L1TP_205050_20001208_20170208_01_T1_PanSharpening\LE07_L1TP_205050_20001208_20170208_01_T1_PanSharpening.shp,Length,-1,-1,J:\Landsat\AF\deleted\UTM 28_N\LE07_L1TP_205051_20000327_20170212_01_T1_PanSharpening\LE07_L1TP_205051_20000327_20170212_01_T1_PanSharpening.shp,Length,-1,-1;Rate "Rate" true true false 32 Double 16 31 ,First,#,J:\Landsat\AF\deleted\UTM 28_N\LE07_L1TP_203051_20000125_20170213_01_T1_PanSharpening\LE07_L1TP_203051_20000125_20170213_01_T1_PanSharpening.shp,Rate,-1,-1,J:\Landsat\AF\deleted\UTM 28_N\LE07_L1TP_203052_20000109_20170215_01_T1_PanSharpening\LE07_L1TP_203052_20000109_20170215_01_T1_PanSharpening.shp,Rate,-1,-1,J:\Landsat\AF\deleted\UTM 28_N\LE07_L1TP_204046_20000624_20170211_01_T1_PanSharpening\LE07_L1TP_204046_20000624_20170211_01_T1_PanSharpening.shp,Rate,-1,-1,J:\Landsat\AF\deleted\UTM 28_N\LE07_L1TP_204049_20001201_20170208_01_T1_PanSharpening\LE07_L1TP_204049_20001201_20170208_01_T1_PanSharpening.shp,Rate,-1,-1,J:\Landsat\AF\deleted\UTM 28_N\LE07_L1TP_205049_20001208_20170208_01_T1_PanSharpening\LE07_L1TP_205049_20001208_20170208_01_T1_PanSharpening.shp,Rate,-1,-1,J:\Landsat\AF\deleted\UTM 28_N\LE07_L1TP_205050_20001208_20170208_01_T1_PanSharpening\LE07_L1TP_205050_20001208_20170208_01_T1_PanSharpening.shp,Rate,-1,-1,J:\Landsat\AF\deleted\UTM 28_N\LE07_L1TP_205051_20000327_20170212_01_T1_PanSharpening\LE07_L1TP_205051_20000327_20170212_01_T1_PanSharpening.shp,Rate,-1,-1"</Process><Process ToolSource="e:\downloads\arcgis10.7\desktop10.7\ArcToolbox\Toolboxes\Data Management Tools.tbx\Dissolve" Date="20220124" Time="101833">Dissolve "J:\Landsat\AF\dissolve_deleted\UTM 28_N\UTM 28_N.shp" "J:\Landsat\AF\dissolve_deleted\UTM 28_N\UTM 28_N_dissolve.shp" # # SINGLE_PART DISSOLVE_LINES</Process><Process ToolSource="e:\downloads\arcgis10.7\desktop10.7\ArcToolbox\Toolboxes\Data Management Tools.tbx\Project" Date="20220124" Time="103316">Project "J:\Landsat\AF\dissolve_deleted\UTM 28_N\UTM 28_N_dissolve.shp" "J:\Landsat\AF\Project\AF\UTM 28_N_Project.shp" GEOGCS['GCS_WGS_1984',DATUM['D_WGS_1984',SPHEROID['WGS_1984',6378137.0,298.257223563]],PRIMEM['Greenwich',0.0],UNIT['Degree',0.0174532925199433]] # PROJCS['WGS_1984_UTM_Zone_28N',GEOGCS['GCS_WGS_1984',DATUM['D_WGS_1984',SPHEROID['WGS_1984',6378137.0,298.257223563]],PRIMEM['Greenwich',0.0],UNIT['Degree',0.0174532925199433]],PROJECTION['Transverse_Mercator'],PARAMETER['False_Easting',500000.0],PARAMETER['False_Northing',0.0],PARAMETER['Central_Meridian',-15.0],PARAMETER['Scale_Factor',0.9996],PARAMETER['Latitude_Of_Origin',0.0],UNIT['Meter',1.0]] NO_PRESERVE_SHAPE # NO_VERTICAL</Process><Process ToolSource="e:\downloads\arcgis10.7\desktop10.7\ArcToolbox\Toolboxes\Data Management Tools.tbx\Merge" Date="20220124" Time="103358">Merge 'J:\Landsat\AF\Project\AF\UTM 28_N_Project.shp';'J:\Landsat\AF\Project\AF\UTM 29_N_Project.shp';'J:\Landsat\AF\Project\AF\UTM 30_N_Project.shp';'J:\Landsat\AF\Project\AF\UTM 31_N_Project.shp';'J:\Landsat\AF\Project\AF\UTM 32_N_Project.shp';'J:\Landsat\AF\Project\AF\UTM 33_N_Project.shp';'J:\Landsat\AF\Project\AF\UTM 33_S_Project.shp';'J:\Landsat\AF\Project\AF\UTM 34_N_Project.shp';'J:\Landsat\AF\Project\AF\UTM 34_S_Project.shp';'J:\Landsat\AF\Project\AF\UTM 35_N_Project.shp';'J:\Landsat\AF\Project\AF\UTM 35_S_Project.shp';'J:\Landsat\AF\Project\AF\UTM 36_N_Project.shp';'J:\Landsat\AF\Project\AF\UTM 36_S_Project.shp';'J:\Landsat\AF\Project\AF\UTM 37_N_Project.shp';'J:\Landsat\AF\Project\AF\UTM 37_S_Project.shp';'J:\Landsat\AF\Project\AF\UTM 38_S_Project.shp' J:\Landsat\AF\Project\AF\AF.shp "Id "Id" true true false 6 Long 0 6 ,First,#,J:\Landsat\AF\Project\AF\UTM 28_N_Project.shp,Id,-1,-1,J:\Landsat\AF\Project\AF\UTM 29_N_Project.shp,Id,-1,-1,J:\Landsat\AF\Project\AF\UTM 30_N_Project.shp,Id,-1,-1,J:\Landsat\AF\Project\AF\UTM 31_N_Project.shp,Id,-1,-1,J:\Landsat\AF\Project\AF\UTM 32_N_Project.shp,Id,-1,-1,J:\Landsat\AF\Project\AF\UTM 33_N_Project.shp,Id,-1,-1,J:\Landsat\AF\Project\AF\UTM 33_S_Project.shp,Id,-1,-1,J:\Landsat\AF\Project\AF\UTM 34_N_Project.shp,Id,-1,-1,J:\Landsat\AF\Project\AF\UTM 34_S_Project.shp,Id,-1,-1,J:\Landsat\AF\Project\AF\UTM 35_N_Project.shp,Id,-1,-1,J:\Landsat\AF\Project\AF\UTM 35_S_Project.shp,Id,-1,-1,J:\Landsat\AF\Project\AF\UTM 36_N_Project.shp,Id,-1,-1,J:\Landsat\AF\Project\AF\UTM 36_S_Project.shp,Id,-1,-1,J:\Landsat\AF\Project\AF\UTM 37_N_Project.shp,Id,-1,-1,J:\Landsat\AF\Project\AF\UTM 37_S_Project.shp,Id,-1,-1,J:\Landsat\AF\Project\AF\UTM 38_S_Project.shp,Id,-1,-1"</Process><Process ToolSource="e:\downloads\arcgis10.7\desktop10.7\ArcToolbox\Toolboxes\Data Management Tools.tbx\Dissolve" Date="20220124" Time="103413">Dissolve J:\Landsat\AF\Project\AF\AF.shp J:\Landsat\AF\Project\AF\AF_dissolve.shp # # SINGLE_PART DISSOLVE_LINES</Process><Process ToolSource="e:\downloads\arcgis10.7\desktop10.7\ArcToolbox\Toolboxes\Data Management Tools.tbx\Merge" Date="20220124" Time="104018">Merge AF_dissolve;AS_dissolve;EU_dissolve;NA_dissolve;OC_dissolve;SA_dissolve F:\ceshi\datasets\Data\World_CPIS_Landsat_Merge.shp "Id "Id" true true false 6 Long 0 6 ,First,#,AF_dissolve,Id,-1,-1,AS_dissolve,Id,-1,-1,EU_dissolve,Id,-1,-1,NA_dissolve,Id,-1,-1,OC_dissolve,Id,-1,-1,SA_dissolve,Id,-1,-1"</Process><Process ToolSource="e:\downloads\arcgis10.7\desktop10.7\ArcToolbox\Toolboxes\Data Management Tools.tbx\Dissolve" Date="20220124" Time="104500">Dissolve World_CPIS_Landsat_Merge F:\ceshi\datasets\Data\World_CPIS_Landsat.shp # # SINGLE_PART DISSOLVE_LINES</Process><Process ToolSource="e:\downloads\arcgis10.7\desktop10.7\ArcToolbox\Toolboxes\Analysis Tools.tbx\Clip" Date="20220124" Time="105127">Clip World_CPIS_Landsat All_Arid F:\ceshi\datasets\CPIS_Data_Landsat\World_CPIS_Landsat_Clip.shp #</Process><Process ToolSource="e:\downloads\arcgis10.7\desktop10.7\ArcToolbox\Toolboxes\Analysis Tools.tbx\Near" Date="20220521" Time="161753">Near World_CPIS_Landsat_Clip 'surface water' # NO_LOCATION NO_ANGLE GEODESIC</Process></lineage></DataProperties><SyncDate>20220124</SyncDate><SyncTime>10474800</SyncTime><ModDate>20220124</ModDate><ModTime>10474800</ModTime></Esri><dataIdInfo><envirDesc Sync="TRUE"> Version 6.2 (Build 9200) ; Esri ArcGIS 10.7.0.10450</envirDesc><dataLang><languageCode value="zho" Sync="TRUE"></languageCode><countryCode value="CHN" Sync="TRUE"></countryCode></dataLang><idCitation><resTitle Sync="TRUE">World_CPIS_Landsat_Clip</resTitle><presForm><PresFormCd value="005" Sync="TRUE"></PresFormCd></presForm></idCitation><spatRpType><SpatRepTypCd value="001" Sync="TRUE"></SpatRepTypCd></spatRpType></dataIdInfo><mdLang><languageCode value="zho" Sync="TRUE"></languageCode><countryCode value="CHN" Sync="TRUE"></countryCode></mdLang><mdChar><CharSetCd value="004" Sync="TRUE"></CharSetCd></mdChar><distInfo><distFormat><formatName Sync="TRUE">Shapefile</formatName></distFormat><distTranOps><transSize Sync="TRUE">0.000</transSize></distTranOps></distInfo><mdHrLv><ScopeCd value="005" Sync="TRUE"></ScopeCd></mdHrLv><mdHrLvName Sync="TRUE">dataset</mdHrLvName><refSysInfo><RefSystem><refSysID><identCode code="4326" Sync="TRUE"></identCode><idCodeSpace Sync="TRUE">EPSG</idCodeSpace><idVersion Sync="TRUE">6.14(3.0.1)</idVersion></refSysID></RefSystem></refSysInfo><spatRepInfo><VectSpatRep><geometObjs Name="World_CPIS_Landsat_Clip"><geoObjTyp><GeoObjTypCd value="002" Sync="TRUE"></GeoObjTypCd></geoObjTyp><geoObjCnt Sync="TRUE">0</geoObjCnt></geometObjs><topLvl><TopoLevCd value="001" Sync="TRUE"></TopoLevCd></topLvl></VectSpatRep></spatRepInfo><spdoinfo><ptvctinf><esriterm Name="World_CPIS_Landsat_Clip"><efeatyp Sync="TRUE">Simple</efeatyp><efeageom code="4" Sync="TRUE"></efeageom><esritopo Sync="TRUE">FALSE</esritopo><efeacnt Sync="TRUE">0</efeacnt><spindex Sync="TRUE">FALSE</spindex><linrefer Sync="TRUE">FALSE</linrefer></esriterm></ptvctinf></spdoinfo><eainfo><detailed Name="World_CPIS_Landsat_Clip"><enttyp><enttypl Sync="TRUE">World_CPIS_Landsat_Clip</enttypl><enttypt Sync="TRUE">Feature Class</enttypt><enttypc Sync="TRUE">0</enttypc></enttyp><attr><attrlabl Sync="TRUE">FID</attrlabl><attalias Sync="TRUE">FID</attalias><attrtype Sync="TRUE">OID</attrtype><attwidth Sync="TRUE">4</attwidth><atprecis Sync="TRUE">0</atprecis><attscale Sync="TRUE">0</attscale><attrdef Sync="TRUE">Internal feature number.</attrdef><attrdefs Sync="TRUE">Esri</attrdefs><attrdomv><udom Sync="TRUE">Sequential unique whole numbers that are automatically generated.</udom></attrdomv></attr><attr><attrlabl Sync="TRUE">Shape</attrlabl><attalias Sync="TRUE">Shape</attalias><attrtype Sync="TRUE">Geometry</attrtype><attwidth Sync="TRUE">0</attwidth><atprecis Sync="TRUE">0</atprecis><attscale Sync="TRUE">0</attscale><attrdef Sync="TRUE">Feature geometry.</attrdef><attrdefs Sync="TRUE">Esri</attrdefs><attrdomv><udom Sync="TRUE">Coordinates defining the features.</udom></attrdomv></attr><attr><attrlabl Sync="TRUE">Id</attrlabl><attalias Sync="TRUE">Id</attalias><attrtype Sync="TRUE">Integer</attrtype><attwidth Sync="TRUE">6</attwidth><atprecis Sync="TRUE">6</atprecis><attscale Sync="TRUE">0</attscale></attr></detailed></eainfo><mdDateSt Sync="TRUE">20220124</mdDateSt></metadata>
